DATA PKS SMK DENGAN INDUSTRI THN 2017 APAC INTI,,,,,,,,
,,,,,,,,
NO,INDUSTRI,BIDANG ,NAMA SEKOLAH,KABUPATEN/KOTA,KETERANGAN KERJASAMA (THN),,LINGKUP KERJASAMA ,KERJASAMA 
,,,,,MULAI,BERAKHIR ,,
1,PT. ATMI SOLO,Manufaktur furniture,SMK NEGERI 1 SURAKARTA,Kota Surakarta,21-Apr-17,21-Apr-22,Pembinaan dan pengembangan sekolah menengah kejuruan berbasis kompetensi yang Link and Match dengan industri,"Penyelarasan kurikulum berbasis kompetensi sesuai kebutuhan industri, "
,,,,,,,,"Pengembangan sarana prasarana praktikum,"
,,,,,,,,"Penyediaan guru bidang studi produktif dan instruktur,"
,,,,,,,,"Praktek kerja industri bagi siswa SMK dan pemagangan industri bagi guru, "
,,,,,,,,Sertifikasi
1,PT. DELTOMED LABORATORIES,Industri obat herbal tradisional,SMK NEGERI 2 SURAKARTA,Kota Surakarta,21-Apr-17,21-Apr-22,Pembinaan dan pengembangan sekolah menengah kejuruan berbasis kompetensi yang Link and Match dengan industri,"Penyelarasan kurikulum berbasis kompetensi sesuai kebutuhan industri, "
,,,,,,,,"Pengembangan sarana prasarana praktikum,"
,,,,,,,,"Penyediaan guru bidang studi produktif dan instruktur,"
,,,,,,,,"Praktek kerja industri bagi siswa SMK dan pemagangan industri bagi guru, "
,,,,,,,,Sertifikasi
2,,,SMK NEGERI 2 SUKOHARJO,Kab. Sukoharjo,21-Apr-17,21-Apr-22,Pembinaan dan pengembangan sekolah menengah kejuruan berbasis kompetensi yang Link and Match dengan industri,"Penyelarasan kurikulum berbasis kompetensi sesuai kebutuhan industri, "
,,,,,,,,"Pengembangan sarana prasarana praktikum,"
,,,,,,,,"Penyediaan guru bidang studi produktif dan instruktur,"
,,,,,,,,"Praktek kerja industri bagi siswa SMK dan pemagangan industri bagi guru, "
,,,,,,,,Sertifikasi
1,CV. VINA ARYA FURNITURE,Manufaktur furniture,SMK NEGERI 2 SURAKARTA,Kota Surakarta,21-Apr-17,21-Apr-22,Pembinaan dan pengembangan sekolah menengah kejuruan berbasis kompetensi yang Link and Match dengan industri,"Penyelarasan kurikulum berbasis kompetensi sesuai kebutuhan industri, "
,,,,,,,,"Pengembangan sarana prasarana praktikum,"
,,,,,,,,"Penyediaan guru bidang studi produktif dan instruktur,"
,,,,,,,,"Praktek kerja industri bagi siswa SMK dan pemagangan industri bagi guru, "
,,,,,,,,Sertifikasi
1,PT. KUSUMAHADI SANTOSA,Industri Tekstil,SMK NEGERI 2 SURAKARTA,Kota Surakarta,21-Apr-17,21-Apr-22,Pembinaan dan pengembangan sekolah menengah kejuruan berbasis kompetensi yang Link and Match dengan industri,"Penyelarasan kurikulum berbasis kompetensi sesuai kebutuhan industri, "
,,,,,,,,"Pengembangan sarana prasarana praktikum,"
,,,,,,,,"Penyediaan guru bidang studi produktif dan instruktur,"
,,,,,,,,"Praktek kerja industri bagi siswa SMK dan pemagangan industri bagi guru, "
,,,,,,,,Sertifikasi
2,,,SMK NEGERI 5 SURAKARTA,Kota Surakarta,21-Apr-17,21-Apr-22,Pembinaan dan pengembangan sekolah menengah kejuruan berbasis kompetensi yang Link and Match dengan industri,"Penyelarasan kurikulum berbasis kompetensi sesuai kebutuhan industri, "
,,,,,,,,"Pengembangan sarana prasarana praktikum,"
,,,,,,,,"Penyediaan guru bidang studi produktif dan instruktur,"
,,,,,,,,"Praktek kerja industri bagi siswa SMK dan pemagangan industri bagi guru, "
,,,,,,,,Sertifikasi
3,,,SMK MUAMMADIYAH 2 KARANGANYAR,Kab. Karanganyar,21-Apr-17,21-Apr-22,Pembinaan dan pengembangan sekolah menengah kejuruan berbasis kompetensi yang Link and Match dengan industri,"Penyelarasan kurikulum berbasis kompetensi sesuai kebutuhan industri, "
,,,,,,,,"Pengembangan sarana prasarana praktikum,"
,,,,,,,,"Penyediaan guru bidang studi produktif dan instruktur,"
,,,,,,,,"Praktek kerja industri bagi siswa SMK dan pemagangan industri bagi guru, "
,,,,,,,,Sertifikasi
4,,,SMK SATYA KARYA KARANGANYAR,Kab. Karanganyar,21-Apr-17,21-Apr-22,Pembinaan dan pengembangan sekolah menengah kejuruan berbasis kompetensi yang Link and Match dengan industri,"Penyelarasan kurikulum berbasis kompetensi sesuai kebutuhan industri, "
,,,,,,,,"Pengembangan sarana prasarana praktikum,"
,,,,,,,,"Penyediaan guru bidang studi produktif dan instruktur,"
,,,,,,,,"Praktek kerja industri bagi siswa SMK dan pemagangan industri bagi guru, "
,,,,,,,,Sertifikasi
5,,,SMK NEGERI 2 SUKOHARJO,Kab. Sukoharjo,21-Apr-17,21-Apr-22,Pembinaan dan pengembangan sekolah menengah kejuruan berbasis kompetensi yang Link and Match dengan industri,"Penyelarasan kurikulum berbasis kompetensi sesuai kebutuhan industri, "
,,,,,,,,"Pengembangan sarana prasarana praktikum,"
,,,,,,,,"Penyediaan guru bidang studi produktif dan instruktur,"
,,,,,,,,"Praktek kerja industri bagi siswa SMK dan pemagangan industri bagi guru, "
,,,,,,,,Sertifikasi
6,,,SMK MUHAMMADIYAH 1 SUKOHARJO,Kab. Sukoharjo,21-Apr-17,21-Apr-22,Pembinaan dan pengembangan sekolah menengah kejuruan berbasis kompetensi yang Link and Match dengan industri,"Penyelarasan kurikulum berbasis kompetensi sesuai kebutuhan industri, "
,,,,,,,,"Pengembangan sarana prasarana praktikum,"
,,,,,,,,"Penyediaan guru bidang studi produktif dan instruktur,"
,,,,,,,,"Praktek kerja industri bagi siswa SMK dan pemagangan industri bagi guru, "
,,,,,,,,Sertifikasi
1,ANINDA FURNITURE,Manufaktur furniture,SMK NEGERI 2 SURAKARTA,Kota Surakarta,21-Apr-17,21-Apr-22,Pembinaan dan pengembangan sekolah menengah kejuruan berbasis kompetensi yang Link and Match dengan industri,"Penyelarasan kurikulum berbasis kompetensi sesuai kebutuhan industri, "
,,,,,,,,"Pengembangan sarana prasarana praktikum,"
,,,,,,,,"Penyediaan guru bidang studi produktif dan instruktur,"
,,,,,,,,"Praktek kerja industri bagi siswa SMK dan pemagangan industri bagi guru, "
,,,,,,,,Sertifikasi
2,,,SMK NEGERI 5 SURAKARTA,Kota Surakarta,21-Apr-17,21-Apr-22,Pembinaan dan pengembangan sekolah menengah kejuruan berbasis kompetensi yang Link and Match dengan industri,"Penyelarasan kurikulum berbasis kompetensi sesuai kebutuhan industri, "
,,,,,,,,"Pengembangan sarana prasarana praktikum,"
,,,,,,,,"Penyediaan guru bidang studi produktif dan instruktur,"
,,,,,,,,"Praktek kerja industri bagi siswa SMK dan pemagangan industri bagi guru, "
,,,,,,,,Sertifikasi
3,,,SMK NEGERI 9 SURAKARTA,Kota Surakarta,21-Apr-17,21-Apr-22,Pembinaan dan pengembangan sekolah menengah kejuruan berbasis kompetensi yang Link and Match dengan industri,"Penyelarasan kurikulum berbasis kompetensi sesuai kebutuhan industri, "
,,,,,,,,"Pengembangan sarana prasarana praktikum,"
,,,,,,,,"Penyediaan guru bidang studi produktif dan instruktur,"
,,,,,,,,"Praktek kerja industri bagi siswa SMK dan pemagangan industri bagi guru, "
,,,,,,,,Sertifikasi
1,VALASINDO CENTRA USAHA,Manufaktur furniture,SMK NEGERI 2 SURAKARTA,Kota Surakarta,21-Apr-17,21-Apr-22,Pembinaan dan pengembangan sekolah menengah kejuruan berbasis kompetensi yang Link and Match dengan industri,"Penyelarasan kurikulum berbasis kompetensi sesuai kebutuhan industri, "
,,,,,,,,"Pengembangan sarana prasarana praktikum,"
,,,,,,,,"Penyediaan guru bidang studi produktif dan instruktur,"
,,,,,,,,"Praktek kerja industri bagi siswa SMK dan pemagangan industri bagi guru, "
,,,,,,,,Sertifikasi
2,,,SMK NEGERI 5 SURAKARTA,Kota Surakarta,21-Apr-17,21-Apr-22,Pembinaan dan pengembangan sekolah menengah kejuruan berbasis kompetensi yang Link and Match dengan industri,"Penyelarasan kurikulum berbasis kompetensi sesuai kebutuhan industri, "
,,,,,,,,"Pengembangan sarana prasarana praktikum,"
,,,,,,,,"Penyediaan guru bidang studi produktif dan instruktur,"
,,,,,,,,"Praktek kerja industri bagi siswa SMK dan pemagangan industri bagi guru, "
,,,,,,,,Sertifikasi
3,,,SMK NEGERI 9 SURAKARTA,Kota Surakarta,21-Apr-17,21-Apr-22,Pembinaan dan pengembangan sekolah menengah kejuruan berbasis kompetensi yang Link and Match dengan industri,"Penyelarasan kurikulum berbasis kompetensi sesuai kebutuhan industri, "
,,,,,,,,"Pengembangan sarana prasarana praktikum,"
,,,,,,,,"Penyediaan guru bidang studi produktif dan instruktur,"
,,,,,,,,"Praktek kerja industri bagi siswa SMK dan pemagangan industri bagi guru, "
,,,,,,,,Sertifikasi
4,,,SMK MUHAMMADIYAH 1 GONDANGREJO,Kab. Karanganyar,21-Apr-17,21-Apr-22,Pembinaan dan pengembangan sekolah menengah kejuruan berbasis kompetensi yang Link and Match dengan industri,"Penyelarasan kurikulum berbasis kompetensi sesuai kebutuhan industri, "
,,,,,,,,"Pengembangan sarana prasarana praktikum,"
,,,,,,,,"Penyediaan guru bidang studi produktif dan instruktur,"
,,,,,,,,"Praktek kerja industri bagi siswa SMK dan pemagangan industri bagi guru, "
,,,,,,,,Sertifikasi
5,,,SMKS MUHAMMADIYAH 6 GEMOLONG,Kab. Sragen ,21-Apr-17,21-Apr-22,Pembinaan dan pengembangan sekolah menengah kejuruan berbasis kompetensi yang Link and Match dengan industri,"Penyelarasan kurikulum berbasis kompetensi sesuai kebutuhan industri, "
,,,,,,,,"Pengembangan sarana prasarana praktikum,"
,,,,,,,,"Penyediaan guru bidang studi produktif dan instruktur,"
,,,,,,,,"Praktek kerja industri bagi siswa SMK dan pemagangan industri bagi guru, "
,,,,,,,,Sertifikasi
1,PT. SEKAR LIMA PRATAMA,Industri tekstil,SMK NEGERI 5 SURAKARTA,Kota Surakarta,21-Apr-17,21-Apr-22,Pembinaan dan pengembangan sekolah menengah kejuruan berbasis kompetensi yang Link and Match dengan industri,"Penyelarasan kurikulum berbasis kompetensi sesuai kebutuhan industri, "
,,,,,,,,"Pengembangan sarana prasarana praktikum,"
,,,,,,,,"Penyediaan guru bidang studi produktif dan instruktur,"
,,,,,,,,"Praktek kerja industri bagi siswa SMK dan pemagangan industri bagi guru, "
,,,,,,,,Sertifikasi
2,,,SMK TUNAS MUDA TASIKMADU,Kab. Karanganyar,21-Apr-17,21-Apr-22,Pembinaan dan pengembangan sekolah menengah kejuruan berbasis kompetensi yang Link and Match dengan industri,"Penyelarasan kurikulum berbasis kompetensi sesuai kebutuhan industri, "
,,,,,,,,"Pengembangan sarana prasarana praktikum,"
,,,,,,,,"Penyediaan guru bidang studi produktif dan instruktur,"
,,,,,,,,"Praktek kerja industri bagi siswa SMK dan pemagangan industri bagi guru, "
,,,,,,,,Sertifikasi
,,,SMK WIKARYA KARANGANYAR,Kab. Karanganyar,21-Apr-17,21-Apr-22,Pembinaan dan pengembangan sekolah menengah kejuruan berbasis kompetensi yang Link and Match dengan industri,"Penyelarasan kurikulum berbasis kompetensi sesuai kebutuhan industri, "
,,,,,,,,"Pengembangan sarana prasarana praktikum,"
,,,,,,,,"Penyediaan guru bidang studi produktif dan instruktur,"
,,,,,,,,"Praktek kerja industri bagi siswa SMK dan pemagangan industri bagi guru, "
,,,,,,,,Sertifikasi
3,,,SMK NEGERI 2 KARANGANYAR,Kab. Karanganyar,21-Apr-17,21-Apr-22,Pembinaan dan pengembangan sekolah menengah kejuruan berbasis kompetensi yang Link and Match dengan industri,"Penyelarasan kurikulum berbasis kompetensi sesuai kebutuhan industri, "
,,,,,,,,"Pengembangan sarana prasarana praktikum,"
,,,,,,,,"Penyediaan guru bidang studi produktif dan instruktur,"
,,,,,,,,"Praktek kerja industri bagi siswa SMK dan pemagangan industri bagi guru, "
,,,,,,,,Sertifikasi
4,,,SMK NEGERI 2 SUKOHARJO,Kab. Sukoharjo,21-Apr-17,21-Apr-22,Pembinaan dan pengembangan sekolah menengah kejuruan berbasis kompetensi yang Link and Match dengan industri,"Penyelarasan kurikulum berbasis kompetensi sesuai kebutuhan industri, "
,,,,,,,,"Pengembangan sarana prasarana praktikum,"
,,,,,,,,"Penyediaan guru bidang studi produktif dan instruktur,"
,,,,,,,,"Praktek kerja industri bagi siswa SMK dan pemagangan industri bagi guru, "
,,,,,,,,Sertifikasi
1,PT. GKBI (GABUNGAN KOPERASI BATIK INDONESIA),Industri tekstil,SMK NEGERI 6 SURAKARTA,Kota Surakarta,21-Apr-17,21-Apr-22,Pembinaan dan pengembangan sekolah menengah kejuruan berbasis kompetensi yang Link and Match dengan industri,"Penyelarasan kurikulum berbasis kompetensi sesuai kebutuhan industri, "
,,,,,,,,"Pengembangan sarana prasarana praktikum,"
,,,,,,,,"Penyediaan guru bidang studi produktif dan instruktur,"
,,,,,,,,"Praktek kerja industri bagi siswa SMK dan pemagangan industri bagi guru, "
,,,,,,,,Sertifikasi
2,,,SMK TEKSTIL PEDAN,Kab. Klaten,21-Apr-17,21-Apr-22,Pembinaan dan pengembangan sekolah menengah kejuruan berbasis kompetensi yang Link and Match dengan industri,"Penyelarasan kurikulum berbasis kompetensi sesuai kebutuhan industri, "
,,,,,,,,"Pengembangan sarana prasarana praktikum,"
,,,,,,,,"Penyediaan guru bidang studi produktif dan instruktur,"
,,,,,,,,"Praktek kerja industri bagi siswa SMK dan pemagangan industri bagi guru, "
,,,,,,,,Sertifikasi
3,,,SMK TEKSTIL LAILATUL QODAR SUKOHARJO,Kab. Sukoharjo,21-Apr-17,21-Apr-22,Pembinaan dan pengembangan sekolah menengah kejuruan berbasis kompetensi yang Link and Match dengan industri,"Penyelarasan kurikulum berbasis kompetensi sesuai kebutuhan industri, "
,,,,,,,,"Pengembangan sarana prasarana praktikum,"
,,,,,,,,"Penyediaan guru bidang studi produktif dan instruktur,"
,,,,,,,,"Praktek kerja industri bagi siswa SMK dan pemagangan industri bagi guru, "
,,,,,,,,Sertifikasi
1,PT. SWASTAMA,Manufaktur furniture,SMK NEGERI 6 SURAKARTA,Kota Surakarta,21-Apr-17,21-Apr-22,Pembinaan dan pengembangan sekolah menengah kejuruan berbasis kompetensi yang Link and Match dengan industri,"Penyelarasan kurikulum berbasis kompetensi sesuai kebutuhan industri, "
,,,,,,,,"Pengembangan sarana prasarana praktikum,"
,,,,,,,,"Penyediaan guru bidang studi produktif dan instruktur,"
,,,,,,,,"Praktek kerja industri bagi siswa SMK dan pemagangan industri bagi guru, "
,,,,,,,,Sertifikasi
1,ROIS HOME DESIGN,Manufaktur furniture,SMK NEGERI 9 SURAKARTA,Kota Surakarta,21-Apr-17,21-Apr-22,Pembinaan dan pengembangan sekolah menengah kejuruan berbasis kompetensi yang Link and Match dengan industri,"Penyelarasan kurikulum berbasis kompetensi sesuai kebutuhan industri, "
,,,,,,,,"Pengembangan sarana prasarana praktikum,"
,,,,,,,,"Penyediaan guru bidang studi produktif dan instruktur,"
,,,,,,,,"Praktek kerja industri bagi siswa SMK dan pemagangan industri bagi guru, "
,,,,,,,,Sertifikasi
2,,,SMK NEGERI 9 SURAKARTA,Kota Surakarta,21-Apr-17,21-Apr-22,Pembinaan dan pengembangan sekolah menengah kejuruan berbasis kompetensi yang Link and Match dengan industri,"Penyelarasan kurikulum berbasis kompetensi sesuai kebutuhan industri, "
,,,,,,,,"Pengembangan sarana prasarana praktikum,"
,,,,,,,,"Penyediaan guru bidang studi produktif dan instruktur,"
,,,,,,,,"Praktek kerja industri bagi siswa SMK dan pemagangan industri bagi guru, "
,,,,,,,,Sertifikasi
3,,,SMK BHINNEKA KARYA SURAKARTA,Kota Surakarta,21-Apr-17,21-Apr-22,Pembinaan dan pengembangan sekolah menengah kejuruan berbasis kompetensi yang Link and Match dengan industri,"Penyelarasan kurikulum berbasis kompetensi sesuai kebutuhan industri, "
,,,,,,,,"Pengembangan sarana prasarana praktikum,"
,,,,,,,,"Penyediaan guru bidang studi produktif dan instruktur,"
,,,,,,,,"Praktek kerja industri bagi siswa SMK dan pemagangan industri bagi guru, "
,,,,,,,,Sertifikasi
4,,,SMKS KRISTEN 2 SURAKARTA,Kota Surakarta,21-Apr-17,21-Apr-22,Pembinaan dan pengembangan sekolah menengah kejuruan berbasis kompetensi yang Link and Match dengan industri,"Penyelarasan kurikulum berbasis kompetensi sesuai kebutuhan industri, "
,,,,,,,,"Pengembangan sarana prasarana praktikum,"
,,,,,,,,"Penyediaan guru bidang studi produktif dan instruktur,"
,,,,,,,,"Praktek kerja industri bagi siswa SMK dan pemagangan industri bagi guru, "
,,,,,,,,Sertifikasi
1,PT. PROPAN RAYA ICC,Chemical Coating (CAT),SMK ST.PAULUS SURAKARTA,Kota Surakarta,21-Apr-17,21-Apr-22,Pembinaan dan pengembangan sekolah menengah kejuruan berbasis kompetensi yang Link and Match dengan industri,"Penyelarasan kurikulum berbasis kompetensi sesuai kebutuhan industri, "
,,,,,,,,"Pengembangan sarana prasarana praktikum,"
,,,,,,,,"Penyediaan guru bidang studi produktif dan instruktur,"
,,,,,,,,"Praktek kerja industri bagi siswa SMK dan pemagangan industri bagi guru, "
,,,,,,,,Sertifikasi
2,,,SMK PANGUDI LUHUR MUNTILAN,Kab. Magelang,21-Apr-17,21-Apr-22,Pembinaan dan pengembangan sekolah menengah kejuruan berbasis kompetensi yang Link and Match dengan industri,"Penyelarasan kurikulum berbasis kompetensi sesuai kebutuhan industri, "
,,,,,,,,"Pengembangan sarana prasarana praktikum,"
,,,,,,,,"Penyediaan guru bidang studi produktif dan instruktur,"
,,,,,,,,"Praktek kerja industri bagi siswa SMK dan pemagangan industri bagi guru, "
,,,,,,,,Sertifikasi
1,PT. BENGAWANTEX,Pengelolaan Kain Grey Dan Karung.,SMK PANCASILA SURAKARTA,Kota Surakarta,21-Apr-17,21-Apr-22,Pembinaan dan pengembangan sekolah menengah kejuruan berbasis kompetensi yang Link and Match dengan industri,"Penyelarasan kurikulum berbasis kompetensi sesuai kebutuhan industri, "
,,,,,,,,"Pengembangan sarana prasarana praktikum,"
,,,,,,,,"Penyediaan guru bidang studi produktif dan instruktur,"
,,,,,,,,"Praktek kerja industri bagi siswa SMK dan pemagangan industri bagi guru, "
,,,,,,,,Sertifikasi
2,,,SMK SLAMET RIYADI GEMOLONG,Kab. Sragen ,21-Apr-17,21-Apr-22,Pembinaan dan pengembangan sekolah menengah kejuruan berbasis kompetensi yang Link and Match dengan industri,"Penyelarasan kurikulum berbasis kompetensi sesuai kebutuhan industri, "
,,,,,,,,"Pengembangan sarana prasarana praktikum,"
,,,,,,,,"Penyediaan guru bidang studi produktif dan instruktur,"
,,,,,,,,"Praktek kerja industri bagi siswa SMK dan pemagangan industri bagi guru, "
,,,,,,,,Sertifikasi
3,,,SMK SUKAWATI SRAGEN,Kab. Sragen ,21-Apr-17,21-Apr-22,Pembinaan dan pengembangan sekolah menengah kejuruan berbasis kompetensi yang Link and Match dengan industri,"Penyelarasan kurikulum berbasis kompetensi sesuai kebutuhan industri, "
,,,,,,,,"Pengembangan sarana prasarana praktikum,"
,,,,,,,,"Penyediaan guru bidang studi produktif dan instruktur,"
,,,,,,,,"Praktek kerja industri bagi siswa SMK dan pemagangan industri bagi guru, "
,,,,,,,,Sertifikasi
4,,,SMK NEGERI 4 SUKOHARJO,Kab. Sukoharjo,21-Apr-17,21-Apr-22,Pembinaan dan pengembangan sekolah menengah kejuruan berbasis kompetensi yang Link and Match dengan industri,"Penyelarasan kurikulum berbasis kompetensi sesuai kebutuhan industri, "
,,,,,,,,"Pengembangan sarana prasarana praktikum,"
,,,,,,,,"Penyediaan guru bidang studi produktif dan instruktur,"
,,,,,,,,"Praktek kerja industri bagi siswa SMK dan pemagangan industri bagi guru, "
,,,,,,,,Sertifikasi
5,,,SMK TUNAS BANGSA TAWANGSARI,Kab. Sukoharjo,21-Apr-17,21-Apr-22,Pembinaan dan pengembangan sekolah menengah kejuruan berbasis kompetensi yang Link and Match dengan industri,"Penyelarasan kurikulum berbasis kompetensi sesuai kebutuhan industri, "
,,,,,,,,"Pengembangan sarana prasarana praktikum,"
,,,,,,,,"Penyediaan guru bidang studi produktif dan instruktur,"
,,,,,,,,"Praktek kerja industri bagi siswa SMK dan pemagangan industri bagi guru, "
,,,,,,,,Sertifikasi
1,PT. HARTONO ISTANA TEKNOLOGI ,Elektronik,SMK MUHAMMADIYAH 3 SURAKARTA ,Kota Surakarta,21-Apr-17,21-Apr-22,Pembinaan dan pengembangan sekolah menengah kejuruan berbasis kompetensi yang Link and Match dengan industri,"Penyelarasan kurikulum berbasis kompetensi sesuai kebutuhan industri, "
,,,,,,,,"Pengembangan sarana prasarana praktikum,"
,,,,,,,,"Penyediaan guru bidang studi produktif dan instruktur,"
,,,,,,,,"Praktek kerja industri bagi siswa SMK dan pemagangan industri bagi guru, "
,,,,,,,,Sertifikasi
2,,,SMK IPTEK WERU SUKOHARJO,Kab. Sukoharjo,21-Apr-17,21-Apr-22,Pembinaan dan pengembangan sekolah menengah kejuruan berbasis kompetensi yang Link and Match dengan industri,"Penyelarasan kurikulum berbasis kompetensi sesuai kebutuhan industri, "
,,,,,,,,"Pengembangan sarana prasarana praktikum,"
,,,,,,,,"Penyediaan guru bidang studi produktif dan instruktur,"
,,,,,,,,"Praktek kerja industri bagi siswa SMK dan pemagangan industri bagi guru, "
,,,,,,,,Sertifikasi
3,,,SMK PANCA MARGA BHAKTI BATURETNO,Kab. Wonogiri,21-Apr-17,21-Apr-22,Pembinaan dan pengembangan sekolah menengah kejuruan berbasis kompetensi yang Link and Match dengan industri,"Penyelarasan kurikulum berbasis kompetensi sesuai kebutuhan industri, "
,,,,,,,,"Pengembangan sarana prasarana praktikum,"
,,,,,,,,"Penyediaan guru bidang studi produktif dan instruktur,"
,,,,,,,,"Praktek kerja industri bagi siswa SMK dan pemagangan industri bagi guru, "
,,,,,,,,Sertifikasi
4,,,SMK NEGERI BANSARI,Kab. Temanggung ,21-Apr-17,21-Apr-22,Pembinaan dan pengembangan sekolah menengah kejuruan berbasis kompetensi yang Link and Match dengan industri,"Penyelarasan kurikulum berbasis kompetensi sesuai kebutuhan industri, "
,,,,,,,,"Pengembangan sarana prasarana praktikum,"
,,,,,,,,"Penyediaan guru bidang studi produktif dan instruktur,"
,,,,,,,,"Praktek kerja industri bagi siswa SMK dan pemagangan industri bagi guru, "
,,,,,,,,Sertifikasi
5,,,SMK GANESA SATRIA 4 KEDU TEMANGGUNG,Kab. Temanggung ,21-Apr-17,21-Apr-22,Pembinaan dan pengembangan sekolah menengah kejuruan berbasis kompetensi yang Link and Match dengan industri,"Penyelarasan kurikulum berbasis kompetensi sesuai kebutuhan industri, "
,,,,,,,,"Pengembangan sarana prasarana praktikum,"
,,,,,,,,"Penyediaan guru bidang studi produktif dan instruktur,"
,,,,,,,,"Praktek kerja industri bagi siswa SMK dan pemagangan industri bagi guru, "
,,,,,,,,Sertifikasi
6,,,SMK NEGERI 2 KEBUMEN,Kab. Wonosobo,21-Apr-17,21-Apr-22,Pembinaan dan pengembangan sekolah menengah kejuruan berbasis kompetensi yang Link and Match dengan industri,"Penyelarasan kurikulum berbasis kompetensi sesuai kebutuhan industri, "
,,,,,,,,"Pengembangan sarana prasarana praktikum,"
,,,,,,,,"Penyediaan guru bidang studi produktif dan instruktur,"
,,,,,,,,"Praktek kerja industri bagi siswa SMK dan pemagangan industri bagi guru, "
,,,,,,,,Sertifikasi
7,,,SMK NEGERI 2 BAWANG,Kab. Banjarnegara,21-Apr-17,21-Apr-22,Pembinaan dan pengembangan sekolah menengah kejuruan berbasis kompetensi yang Link and Match dengan industri,"Penyelarasan kurikulum berbasis kompetensi sesuai kebutuhan industri, "
,,,,,,,,"Pengembangan sarana prasarana praktikum,"
,,,,,,,,"Penyediaan guru bidang studi produktif dan instruktur,"
,,,,,,,,"Praktek kerja industri bagi siswa SMK dan pemagangan industri bagi guru, "
,,,,,,,,Sertifikasi
8,,,SMK MA'ARIF NU 1 SUMPIUH,Kab. Banyumas,21-Apr-17,21-Apr-22,Pembinaan dan pengembangan sekolah menengah kejuruan berbasis kompetensi yang Link and Match dengan industri,"Penyelarasan kurikulum berbasis kompetensi sesuai kebutuhan industri, "
,,,,,,,,"Pengembangan sarana prasarana praktikum,"
,,,,,,,,"Penyediaan guru bidang studi produktif dan instruktur,"
,,,,,,,,"Praktek kerja industri bagi siswa SMK dan pemagangan industri bagi guru, "
,,,,,,,,Sertifikasi
9,,,SMK MUHAMMADIYAH KAJEN,Kab Pekalongan ,21-Apr-17,21-Apr-22,Pembinaan dan pengembangan sekolah menengah kejuruan berbasis kompetensi yang Link and Match dengan industri,"Penyelarasan kurikulum berbasis kompetensi sesuai kebutuhan industri, "
,,,,,,,,"Pengembangan sarana prasarana praktikum,"
,,,,,,,,"Penyediaan guru bidang studi produktif dan instruktur,"
,,,,,,,,"Praktek kerja industri bagi siswa SMK dan pemagangan industri bagi guru, "
,,,,,,,,Sertifikasi
1,PT. SUMBER BENGAWAN PLASINDO,Industri Karung Plastik,SMKS MUHAMMADIYAH 3 SURAKARTA ,Kota Surakarta,21-Apr-17,21-Apr-22,Pembinaan dan pengembangan sekolah menengah kejuruan berbasis kompetensi yang Link and Match dengan industri,"Penyelarasan kurikulum berbasis kompetensi sesuai kebutuhan industri, "
,,,,,,,,"Pengembangan sarana prasarana praktikum,"
,,,,,,,,"Penyediaan guru bidang studi produktif dan instruktur,"
,,,,,,,,"Praktek kerja industri bagi siswa SMK dan pemagangan industri bagi guru, "
,,,,,,,,Sertifikasi
2,,,SMKS KATOLIK ST. MIKAEL SURAKARTA,Kota Surakarta,21-Apr-17,21-Apr-22,Pembinaan dan pengembangan sekolah menengah kejuruan berbasis kompetensi yang Link and Match dengan industri,"Penyelarasan kurikulum berbasis kompetensi sesuai kebutuhan industri, "
,,,,,,,,"Pengembangan sarana prasarana praktikum,"
,,,,,,,,"Penyediaan guru bidang studi produktif dan instruktur,"
,,,,,,,,"Praktek kerja industri bagi siswa SMK dan pemagangan industri bagi guru, "
,,,,,,,,Sertifikasi
3,,,SMKS WARGA SURAKARTA,Kota Surakarta,21-Apr-17,21-Apr-22,Pembinaan dan pengembangan sekolah menengah kejuruan berbasis kompetensi yang Link and Match dengan industri,"Penyelarasan kurikulum berbasis kompetensi sesuai kebutuhan industri, "
,,,,,,,,"Pengembangan sarana prasarana praktikum,"
,,,,,,,,"Penyediaan guru bidang studi produktif dan instruktur,"
,,,,,,,,"Praktek kerja industri bagi siswa SMK dan pemagangan industri bagi guru, "
,,,,,,,,Sertifikasi
4,,,SMK NEGERI 2 KARANGANYAR,Kab. Karanganyar,21-Apr-17,21-Apr-22,Pembinaan dan pengembangan sekolah menengah kejuruan berbasis kompetensi yang Link and Match dengan industri,"Penyelarasan kurikulum berbasis kompetensi sesuai kebutuhan industri, "
,,,,,,,,"Pengembangan sarana prasarana praktikum,"
,,,,,,,,"Penyediaan guru bidang studi produktif dan instruktur,"
,,,,,,,,"Praktek kerja industri bagi siswa SMK dan pemagangan industri bagi guru, "
,,,,,,,,Sertifikasi
5,,,SMK KARYA TEKNIKA,Kab. Karanganyar,21-Apr-17,21-Apr-22,Pembinaan dan pengembangan sekolah menengah kejuruan berbasis kompetensi yang Link and Match dengan industri,"Penyelarasan kurikulum berbasis kompetensi sesuai kebutuhan industri, "
,,,,,,,,"Pengembangan sarana prasarana praktikum,"
,,,,,,,,"Penyediaan guru bidang studi produktif dan instruktur,"
,,,,,,,,"Praktek kerja industri bagi siswa SMK dan pemagangan industri bagi guru, "
,,,,,,,,Sertifikasi
1,PT. CHAROEN POKPHAND ,"Animal Feedmill (pakan ternak, pengadaan anak ayam dan daging ayam olahan)",SMK NEGERI 1 MOJOSONGO,Kab. Boyolali,21-Apr-17,21-Apr-22,Pembinaan dan pengembangan sekolah menengah kejuruan berbasis kompetensi yang Link and Match dengan industri,"Penyelarasan kurikulum berbasis kompetensi sesuai kebutuhan industri, "
,,,,,,,,"Pengembangan sarana prasarana praktikum,"
,,,,,,,,"Penyediaan guru bidang studi produktif dan instruktur,"
,,,,,,,,"Praktek kerja industri bagi siswa SMK dan pemagangan industri bagi guru, "
,,,,,,,,Sertifikasi
2,,,SMK NEGERI 1 SALAM,Kota Magelang,21-Apr-17,21-Apr-22,Pembinaan dan pengembangan sekolah menengah kejuruan berbasis kompetensi yang Link and Match dengan industri,"Penyelarasan kurikulum berbasis kompetensi sesuai kebutuhan industri, "
,,,,,,,,"Pengembangan sarana prasarana praktikum,"
,,,,,,,,"Penyediaan guru bidang studi produktif dan instruktur,"
,,,,,,,,"Praktek kerja industri bagi siswa SMK dan pemagangan industri bagi guru, "
,,,,,,,,Sertifikasi
3,,,SMK NEGERI 1 KALIBAGOR,Kab. Cilacap ,21-Apr-17,21-Apr-22,Pembinaan dan pengembangan sekolah menengah kejuruan berbasis kompetensi yang Link and Match dengan industri,"Penyelarasan kurikulum berbasis kompetensi sesuai kebutuhan industri, "
,,,,,,,,"Pengembangan sarana prasarana praktikum,"
,,,,,,,,"Penyediaan guru bidang studi produktif dan instruktur,"
,,,,,,,,"Praktek kerja industri bagi siswa SMK dan pemagangan industri bagi guru, "
,,,,,,,,Sertifikasi
1,PT.PRIMA CAHAYA INDOBEVERAGE (PT. PEPSI COLA INDOBEVERAGES),"Produksi  Pemasaran, dan Distribusi",SMK NEGERI 1 MOJOSONGO,Kab. Boyolali,21-Apr-17,21-Apr-22,Pembinaan dan pengembangan sekolah menengah kejuruan berbasis kompetensi yang Link and Match dengan industri,"Penyelarasan kurikulum berbasis kompetensi sesuai kebutuhan industri, "
,,,,,,,,"Pengembangan sarana prasarana praktikum,"
,,,,,,,,"Penyediaan guru bidang studi produktif dan instruktur,"
,,,,,,,,"Praktek kerja industri bagi siswa SMK dan pemagangan industri bagi guru, "
,,,,,,,,Sertifikasi
2,,,SMK NEGERI 1 (STM PEMBANGUNAN) TEMANGGUNG,Kab. Temanggung ,21-Apr-17,21-Apr-22,Pembinaan dan pengembangan sekolah menengah kejuruan berbasis kompetensi yang Link and Match dengan industri,"Penyelarasan kurikulum berbasis kompetensi sesuai kebutuhan industri, "
,,,,,,,,"Pengembangan sarana prasarana praktikum,"
,,,,,,,,"Penyediaan guru bidang studi produktif dan instruktur,"
,,,,,,,,"Praktek kerja industri bagi siswa SMK dan pemagangan industri bagi guru, "
,,,,,,,,Sertifikasi
1,CV. YUDHISTIRA,Ekspor Furniture,SMK BHINNEKA KARYA 1 BOYOLALI,Kab. Boyolali,21-Apr-17,21-Apr-22,Pembinaan dan pengembangan sekolah menengah kejuruan berbasis kompetensi yang Link and Match dengan industri,"Penyelarasan kurikulum berbasis kompetensi sesuai kebutuhan industri, "
,,,,,,,,"Pengembangan sarana prasarana praktikum,"
,,,,,,,,"Penyediaan guru bidang studi produktif dan instruktur,"
,,,,,,,,"Praktek kerja industri bagi siswa SMK dan pemagangan industri bagi guru, "
,,,,,,,,Sertifikasi
1,CV. NUANSA KAYU BEKAS,Konstruksi Furniture,SMKN 1 JUWANGI,Kab. Boyolali,21-Apr-17,21-Apr-22,Pembinaan dan pengembangan sekolah menengah kejuruan berbasis kompetensi yang Link and Match dengan industri,"Penyelarasan kurikulum berbasis kompetensi sesuai kebutuhan industri, "
,,,,,,,,"Pengembangan sarana prasarana praktikum,"
,,,,,,,,"Penyediaan guru bidang studi produktif dan instruktur,"
,,,,,,,,"Praktek kerja industri bagi siswa SMK dan pemagangan industri bagi guru, "
,,,,,,,,Sertifikasi
2,,,SMK NEGERI 1 SUKOHARJO,Kab. Sukoharjo,21-Apr-17,21-Apr-22,Pembinaan dan pengembangan sekolah menengah kejuruan berbasis kompetensi yang Link and Match dengan industri,"Penyelarasan kurikulum berbasis kompetensi sesuai kebutuhan industri, "
,,,,,,,,"Pengembangan sarana prasarana praktikum,"
,,,,,,,,"Penyediaan guru bidang studi produktif dan instruktur,"
,,,,,,,,"Praktek kerja industri bagi siswa SMK dan pemagangan industri bagi guru, "
,,,,,,,,Sertifikasi
1,PT. LIEBRA PERMANA,Industri Garment,SMK MUHAMMADIYAH 7 WONOSEGORO,Kab. Boyolali,21-Apr-17,21-Apr-22,Pembinaan dan pengembangan sekolah menengah kejuruan berbasis kompetensi yang Link and Match dengan industri,"Penyelarasan kurikulum berbasis kompetensi sesuai kebutuhan industri, "
,,,,,,,,"Pengembangan sarana prasarana praktikum,"
,,,,,,,,"Penyediaan guru bidang studi produktif dan instruktur,"
,,,,,,,,"Praktek kerja industri bagi siswa SMK dan pemagangan industri bagi guru, "
,,,,,,,,Sertifikasi
2,,,SMK MUHAMMADIYAH 1 BOROBUDUR,Kab. Magelang,21-Apr-17,21-Apr-22,Pembinaan dan pengembangan sekolah menengah kejuruan berbasis kompetensi yang Link and Match dengan industri,"Penyelarasan kurikulum berbasis kompetensi sesuai kebutuhan industri, "
,,,,,,,,"Pengembangan sarana prasarana praktikum,"
,,,,,,,,"Penyediaan guru bidang studi produktif dan instruktur,"
,,,,,,,,"Praktek kerja industri bagi siswa SMK dan pemagangan industri bagi guru, "
,,,,,,,,Sertifikasi
3,,,SMK NEGERI 1 KARANGGAYAM,Kab. Kebumen,21-Apr-17,21-Apr-22,Pembinaan dan pengembangan sekolah menengah kejuruan berbasis kompetensi yang Link and Match dengan industri,"Penyelarasan kurikulum berbasis kompetensi sesuai kebutuhan industri, "
,,,,,,,,"Pengembangan sarana prasarana praktikum,"
,,,,,,,,"Penyediaan guru bidang studi produktif dan instruktur,"
,,,,,,,,"Praktek kerja industri bagi siswa SMK dan pemagangan industri bagi guru, "
,,,,,,,,Sertifikasi
1,PT. DAN LIRIS,Manufaktur,SMK NEGERI 2 KARANGANYAR,Kab. Karanganyar,21-Apr-17,21-Apr-22,Pembinaan dan pengembangan sekolah menengah kejuruan berbasis kompetensi yang Link and Match dengan industri,"Penyelarasan kurikulum berbasis kompetensi sesuai kebutuhan industri, "
,,,,,,,,"Pengembangan sarana prasarana praktikum,"
,,,,,,,,"Penyediaan guru bidang studi produktif dan instruktur,"
,,,,,,,,"Praktek kerja industri bagi siswa SMK dan pemagangan industri bagi guru, "
,,,,,,,,Sertifikasi
2,,,SMK MUHAMMADIYAH 2 WURYANTORO,Kab. Wonogiri,21-Apr-17,21-Apr-22,Pembinaan dan pengembangan sekolah menengah kejuruan berbasis kompetensi yang Link and Match dengan industri,"Penyelarasan kurikulum berbasis kompetensi sesuai kebutuhan industri, "
,,,,,,,,"Pengembangan sarana prasarana praktikum,"
,,,,,,,,"Penyediaan guru bidang studi produktif dan instruktur,"
,,,,,,,,"Praktek kerja industri bagi siswa SMK dan pemagangan industri bagi guru, "
,,,,,,,,Sertifikasi
3,,,SMK SUDIRMAN 2 WONOGIRI,Kab. Wonogiri,21-Apr-17,21-Apr-22,Pembinaan dan pengembangan sekolah menengah kejuruan berbasis kompetensi yang Link and Match dengan industri,"Penyelarasan kurikulum berbasis kompetensi sesuai kebutuhan industri, "
,,,,,,,,"Pengembangan sarana prasarana praktikum,"
,,,,,,,,"Penyediaan guru bidang studi produktif dan instruktur,"
,,,,,,,,"Praktek kerja industri bagi siswa SMK dan pemagangan industri bagi guru, "
,,,,,,,,Sertifikasi
1,PT. GLOBALINDO INTIMATES,Industri Garment,SMK NEGERI 1 ROTA BAYAT,Kab. Klaten,21-Apr-17,21-Apr-22,Pembinaan dan pengembangan sekolah menengah kejuruan berbasis kompetensi yang Link and Match dengan industri,"Penyelarasan kurikulum berbasis kompetensi sesuai kebutuhan industri, "
,,,,,,,,"Pengembangan sarana prasarana praktikum,"
,,,,,,,,"Penyediaan guru bidang studi produktif dan instruktur,"
,,,,,,,,"Praktek kerja industri bagi siswa SMK dan pemagangan industri bagi guru, "
,,,,,,,,Sertifikasi
2,,,SMK NEGERI 3 KLATEN,Kab. Klaten,21-Apr-17,21-Apr-22,Pembinaan dan pengembangan sekolah menengah kejuruan berbasis kompetensi yang Link and Match dengan industri,"Penyelarasan kurikulum berbasis kompetensi sesuai kebutuhan industri, "
,,,,,,,,"Pengembangan sarana prasarana praktikum,"
,,,,,,,,"Penyediaan guru bidang studi produktif dan instruktur,"
,,,,,,,,"Praktek kerja industri bagi siswa SMK dan pemagangan industri bagi guru, "
,,,,,,,,Sertifikasi
3,,,SMK NEGERI 4 KLATEN,Kab. Klaten,21-Apr-17,21-Apr-22,Pembinaan dan pengembangan sekolah menengah kejuruan berbasis kompetensi yang Link and Match dengan industri,"Penyelarasan kurikulum berbasis kompetensi sesuai kebutuhan industri, "
,,,,,,,,"Pengembangan sarana prasarana praktikum,"
,,,,,,,,"Penyediaan guru bidang studi produktif dan instruktur,"
,,,,,,,,"Praktek kerja industri bagi siswa SMK dan pemagangan industri bagi guru, "
,,,,,,,,Sertifikasi
4,,,SMK NEGERI 1 PEDAN,Kab. Klaten,21-Apr-17,21-Apr-22,Pembinaan dan pengembangan sekolah menengah kejuruan berbasis kompetensi yang Link and Match dengan industri,"Penyelarasan kurikulum berbasis kompetensi sesuai kebutuhan industri, "
,,,,,,,,"Pengembangan sarana prasarana praktikum,"
,,,,,,,,"Penyediaan guru bidang studi produktif dan instruktur,"
,,,,,,,,"Praktek kerja industri bagi siswa SMK dan pemagangan industri bagi guru, "
,,,,,,,,Sertifikasi
5,,,SMK TEKSTIL PEDAN,Kab. Klaten,21-Apr-17,21-Apr-22,Pembinaan dan pengembangan sekolah menengah kejuruan berbasis kompetensi yang Link and Match dengan industri,"Penyelarasan kurikulum berbasis kompetensi sesuai kebutuhan industri, "
,,,,,,,,"Pengembangan sarana prasarana praktikum,"
,,,,,,,,"Penyediaan guru bidang studi produktif dan instruktur,"
,,,,,,,,"Praktek kerja industri bagi siswa SMK dan pemagangan industri bagi guru, "
,,,,,,,,Sertifikasi
6,,,SMK MUHAMMADIYAH CAWAS,Kab. Klaten,21-Apr-17,21-Apr-22,Pembinaan dan pengembangan sekolah menengah kejuruan berbasis kompetensi yang Link and Match dengan industri,"Penyelarasan kurikulum berbasis kompetensi sesuai kebutuhan industri, "
,,,,,,,,"Pengembangan sarana prasarana praktikum,"
,,,,,,,,"Penyediaan guru bidang studi produktif dan instruktur,"
,,,,,,,,"Praktek kerja industri bagi siswa SMK dan pemagangan industri bagi guru, "
,,,,,,,,Sertifikasi
7,,,SMK BINA PATRIA BANGSA,Kab. Klaten,21-Apr-17,21-Apr-22,Pembinaan dan pengembangan sekolah menengah kejuruan berbasis kompetensi yang Link and Match dengan industri,"Penyelarasan kurikulum berbasis kompetensi sesuai kebutuhan industri, "
,,,,,,,,"Pengembangan sarana prasarana praktikum,"
,,,,,,,,"Penyediaan guru bidang studi produktif dan instruktur,"
,,,,,,,,"Praktek kerja industri bagi siswa SMK dan pemagangan industri bagi guru, "
,,,,,,,,Sertifikasi
8,,,SMK SLB B YAAT KLATEN,Kab. Klaten,21-Apr-17,21-Apr-22,Pembinaan dan pengembangan sekolah menengah kejuruan berbasis kompetensi yang Link and Match dengan industri,"Penyelarasan kurikulum berbasis kompetensi sesuai kebutuhan industri, "
,,,,,,,,"Pengembangan sarana prasarana praktikum,"
,,,,,,,,"Penyediaan guru bidang studi produktif dan instruktur,"
,,,,,,,,"Praktek kerja industri bagi siswa SMK dan pemagangan industri bagi guru, "
,,,,,,,,Sertifikasi
1,PT. NUANSA PORCELAN,Produk Keramik,SMK NEGERI 1 ROTA BAYAT,Kab. Klaten,21-Apr-17,21-Apr-22,Pembinaan dan pengembangan sekolah menengah kejuruan berbasis kompetensi yang Link and Match dengan industri,"Penyelarasan kurikulum berbasis kompetensi sesuai kebutuhan industri, "
,,,,,,,,"Pengembangan sarana prasarana praktikum,"
,,,,,,,,"Penyediaan guru bidang studi produktif dan instruktur,"
,,,,,,,,"Praktek kerja industri bagi siswa SMK dan pemagangan industri bagi guru, "
,,,,,,,,Sertifikasi
1,PT. KOSOEMA NANDA PUTRA,Industri Tekstil,SMK KRISTEN PEDAN,Kab. Klaten,21-Apr-17,21-Apr-22,Pembinaan dan pengembangan sekolah menengah kejuruan berbasis kompetensi yang Link and Match dengan industri,"Penyelarasan kurikulum berbasis kompetensi sesuai kebutuhan industri, "
,,,,,,,,"Pengembangan sarana prasarana praktikum,"
,,,,,,,,"Penyediaan guru bidang studi produktif dan instruktur,"
,,,,,,,,"Praktek kerja industri bagi siswa SMK dan pemagangan industri bagi guru, "
,,,,,,,,Sertifikasi
2,,,SMK PGRI PEDAN,Kab. Klaten,21-Apr-17,21-Apr-22,Pembinaan dan pengembangan sekolah menengah kejuruan berbasis kompetensi yang Link and Match dengan industri,"Penyelarasan kurikulum berbasis kompetensi sesuai kebutuhan industri, "
,,,,,,,,"Pengembangan sarana prasarana praktikum,"
,,,,,,,,"Penyediaan guru bidang studi produktif dan instruktur,"
,,,,,,,,"Praktek kerja industri bagi siswa SMK dan pemagangan industri bagi guru, "
,,,,,,,,Sertifikasi
3,,,SMK BATUR JAYA 1 CEPER,Kab. Klaten,21-Apr-17,21-Apr-22,Pembinaan dan pengembangan sekolah menengah kejuruan berbasis kompetensi yang Link and Match dengan industri,"Penyelarasan kurikulum berbasis kompetensi sesuai kebutuhan industri, "
,,,,,,,,"Pengembangan sarana prasarana praktikum,"
,,,,,,,,"Penyediaan guru bidang studi produktif dan instruktur,"
,,,,,,,,"Praktek kerja industri bagi siswa SMK dan pemagangan industri bagi guru, "
,,,,,,,,Sertifikasi
4,,,SMK MUHAMMADIYAH CAWAS,Kab. Klaten,21-Apr-17,21-Apr-22,Pembinaan dan pengembangan sekolah menengah kejuruan berbasis kompetensi yang Link and Match dengan industri,"Penyelarasan kurikulum berbasis kompetensi sesuai kebutuhan industri, "
,,,,,,,,"Pengembangan sarana prasarana praktikum,"
,,,,,,,,"Penyediaan guru bidang studi produktif dan instruktur,"
,,,,,,,,"Praktek kerja industri bagi siswa SMK dan pemagangan industri bagi guru, "
,,,,,,,,Sertifikasi
5,,,SMK PETRA KARANGDOWO,Kab. Klaten,21-Apr-17,21-Apr-22,Pembinaan dan pengembangan sekolah menengah kejuruan berbasis kompetensi yang Link and Match dengan industri,"Penyelarasan kurikulum berbasis kompetensi sesuai kebutuhan industri, "
,,,,,,,,"Pengembangan sarana prasarana praktikum,"
,,,,,,,,"Penyediaan guru bidang studi produktif dan instruktur,"
,,,,,,,,"Praktek kerja industri bagi siswa SMK dan pemagangan industri bagi guru, "
,,,,,,,,Sertifikasi
1,PT. KUSUMA SANDANG MEKARJAYA ,Manufaktur Tekstil,SMK YP DELANGGU,Kab. Klaten,21-Apr-17,21-Apr-22,Pembinaan dan pengembangan sekolah menengah kejuruan berbasis kompetensi yang Link and Match dengan industri,"Penyelarasan kurikulum berbasis kompetensi sesuai kebutuhan industri, "
,,,,,,,,"Pengembangan sarana prasarana praktikum,"
,,,,,,,,"Penyediaan guru bidang studi produktif dan instruktur,"
,,,,,,,,"Praktek kerja industri bagi siswa SMK dan pemagangan industri bagi guru, "
,,,,,,,,Sertifikasi
2,,,SMK YPT MUNTILAN,Kab. Magelang,21-Apr-17,21-Apr-22,Pembinaan dan pengembangan sekolah menengah kejuruan berbasis kompetensi yang Link and Match dengan industri,"Penyelarasan kurikulum berbasis kompetensi sesuai kebutuhan industri, "
,,,,,,,,"Pengembangan sarana prasarana praktikum,"
,,,,,,,,"Penyediaan guru bidang studi produktif dan instruktur,"
,,,,,,,,"Praktek kerja industri bagi siswa SMK dan pemagangan industri bagi guru, "
,,,,,,,,Sertifikasi
3,,,SMK MUHAMMADIYAH 2 BOROBUDUR,Kab. Magelang,21-Apr-17,21-Apr-22,Pembinaan dan pengembangan sekolah menengah kejuruan berbasis kompetensi yang Link and Match dengan industri,"Penyelarasan kurikulum berbasis kompetensi sesuai kebutuhan industri, "
,,,,,,,,"Pengembangan sarana prasarana praktikum,"
,,,,,,,,"Penyediaan guru bidang studi produktif dan instruktur,"
,,,,,,,,"Praktek kerja industri bagi siswa SMK dan pemagangan industri bagi guru, "
,,,,,,,,Sertifikasi
1,PT. SO GOOD FOOD MANUFACTURING,Food,SMK NEGERI 2 SUKOHARJO,Kab. Sukoharjo,21-Apr-17,21-Apr-22,Pembinaan dan pengembangan sekolah menengah kejuruan berbasis kompetensi yang Link and Match dengan industri,"Penyelarasan kurikulum berbasis kompetensi sesuai kebutuhan industri, "
,,,,,,,,"Pengembangan sarana prasarana praktikum,"
,,,,,,,,"Penyediaan guru bidang studi produktif dan instruktur,"
,,,,,,,,"Praktek kerja industri bagi siswa SMK dan pemagangan industri bagi guru, "
,,,,,,,,Sertifikasi
2,,,SMK HKTI TEMANGGUNG,Kab. Temanggung ,21-Apr-17,21-Apr-22,Pembinaan dan pengembangan sekolah menengah kejuruan berbasis kompetensi yang Link and Match dengan industri,"Penyelarasan kurikulum berbasis kompetensi sesuai kebutuhan industri, "
,,,,,,,,"Pengembangan sarana prasarana praktikum,"
,,,,,,,,"Penyediaan guru bidang studi produktif dan instruktur,"
,,,,,,,,"Praktek kerja industri bagi siswa SMK dan pemagangan industri bagi guru, "
,,,,,,,,Sertifikasi
1,PT. LENTERA MUTIARA HATI,Furniture,SMK NEGERI 3 SUKOHARJO,Kab. Sukoharjo,21-Apr-17,21-Apr-22,Pembinaan dan pengembangan sekolah menengah kejuruan berbasis kompetensi yang Link and Match dengan industri,"Penyelarasan kurikulum berbasis kompetensi sesuai kebutuhan industri, "
,,,,,,,,"Pengembangan sarana prasarana praktikum,"
,,,,,,,,"Penyediaan guru bidang studi produktif dan instruktur,"
,,,,,,,,"Praktek kerja industri bagi siswa SMK dan pemagangan industri bagi guru, "
,,,,,,,,Sertifikasi
1,PT. DELTA DUNIA TEXTILE,Industri tekstil,SMK KRIYA SAHID SUKOHARJO,Kab. Sukoharjo,21-Apr-17,21-Apr-22,Pembinaan dan pengembangan sekolah menengah kejuruan berbasis kompetensi yang Link and Match dengan industri,"Penyelarasan kurikulum berbasis kompetensi sesuai kebutuhan industri, "
,,,,,,,,"Pengembangan sarana prasarana praktikum,"
,,,,,,,,"Penyediaan guru bidang studi produktif dan instruktur,"
,,,,,,,,"Praktek kerja industri bagi siswa SMK dan pemagangan industri bagi guru, "
,,,,,,,,Sertifikasi
1,PT. KOTA JATI FURNINDO,Furniture,SMK NEGERI 1 MAGELANG,Kota Magelang,21-Apr-17,21-Apr-22,Pembinaan dan pengembangan sekolah menengah kejuruan berbasis kompetensi yang Link and Match dengan industri,"Penyelarasan kurikulum berbasis kompetensi sesuai kebutuhan industri, "
,,,,,,,,"Pengembangan sarana prasarana praktikum,"
,,,,,,,,"Penyediaan guru bidang studi produktif dan instruktur,"
,,,,,,,,"Praktek kerja industri bagi siswa SMK dan pemagangan industri bagi guru, "
,,,,,,,,Sertifikasi
1,CV. MEBEL INTERNATIONAL,Furniture,SMK PANGUDI LUHUR MUNTILAN,Kab. Magelang,21-Apr-17,21-Apr-22,Pembinaan dan pengembangan sekolah menengah kejuruan berbasis kompetensi yang Link and Match dengan industri,"Penyelarasan kurikulum berbasis kompetensi sesuai kebutuhan industri, "
,,,,,,,,"Pengembangan sarana prasarana praktikum,"
,,,,,,,,"Penyediaan guru bidang studi produktif dan instruktur,"
,,,,,,,,"Praktek kerja industri bagi siswa SMK dan pemagangan industri bagi guru, "
,,,,,,,,Sertifikasi
1,PT. JANATA MARINA INDAH,Perkapalan (Galangan Kapal),SMK NEGERI 1 PURWOREJO,Kab. Purworejo,21-Apr-17,21-Apr-22,Pembinaan dan pengembangan sekolah menengah kejuruan berbasis kompetensi yang Link and Match dengan industri,"Penyelarasan kurikulum berbasis kompetensi sesuai kebutuhan industri, "
,,,,,,,,"Pengembangan sarana prasarana praktikum,"
,,,,,,,,"Penyediaan guru bidang studi produktif dan instruktur,"
,,,,,,,,"Praktek kerja industri bagi siswa SMK dan pemagangan industri bagi guru, "
,,,,,,,,Sertifikasi
1,PT. ASTRA DAIHATSU MOTOR,Perakitan dan Penjualan Kendaraan (Otomotif),SMK PANCASILA 1 KUTOHARJO,Kab. Purworejo,21-Apr-17,21-Apr-22,Pembinaan dan pengembangan sekolah menengah kejuruan berbasis kompetensi yang Link and Match dengan industri,"Penyelarasan kurikulum berbasis kompetensi sesuai kebutuhan industri, "
,,,,,,,,"Pengembangan sarana prasarana praktikum,"
,,,,,,,,"Penyediaan guru bidang studi produktif dan instruktur,"
,,,,,,,,"Praktek kerja industri bagi siswa SMK dan pemagangan industri bagi guru, "
,,,,,,,,Sertifikasi
2,,,SMK YPT TEGAL,Kota Tegal,21-Apr-17,21-Apr-22,Pembinaan dan pengembangan sekolah menengah kejuruan berbasis kompetensi yang Link and Match dengan industri,"Penyelarasan kurikulum berbasis kompetensi sesuai kebutuhan industri, "
,,,,,,,,"Pengembangan sarana prasarana praktikum,"
,,,,,,,,"Penyediaan guru bidang studi produktif dan instruktur,"
,,,,,,,,"Praktek kerja industri bagi siswa SMK dan pemagangan industri bagi guru, "
,,,,,,,,Sertifikasi
1,PT. INTI SUKSES GARMINDO,Industri Garment,SMK MUHAMMADIYAH 1 NGADIREJO,Kab. Temanggung ,21-Apr-17,21-Apr-22,Pembinaan dan pengembangan sekolah menengah kejuruan berbasis kompetensi yang Link and Match dengan industri,"Penyelarasan kurikulum berbasis kompetensi sesuai kebutuhan industri, "
,,,,,,,,"Pengembangan sarana prasarana praktikum,"
,,,,,,,,"Penyediaan guru bidang studi produktif dan instruktur,"
,,,,,,,,"Praktek kerja industri bagi siswa SMK dan pemagangan industri bagi guru, "
,,,,,,,,Sertifikasi
1,PT. INDOTIRTA JAYA ABADI,Air Minum Kemasan,SMK NEGERI 1 (STM PEMBANGUNAN) TEMANGGUNG,Kab. Temanggung ,21-Apr-17,21-Apr-22,Pembinaan dan pengembangan sekolah menengah kejuruan berbasis kompetensi yang Link and Match dengan industri,"Penyelarasan kurikulum berbasis kompetensi sesuai kebutuhan industri, "
,,,,,,,,"Pengembangan sarana prasarana praktikum,"
,,,,,,,,"Penyediaan guru bidang studi produktif dan instruktur,"
,,,,,,,,"Praktek kerja industri bagi siswa SMK dan pemagangan industri bagi guru, "
,,,,,,,,Sertifikasi
1,PT. KUBOTA INDONESIA,Manufaktur Mesin Diesel,SMK MA'ARIF 1 KEBUMEN,Kab. Kebumen,21-Apr-17,21-Apr-22,Pembinaan dan pengembangan sekolah menengah kejuruan berbasis kompetensi yang Link and Match dengan industri,"Penyelarasan kurikulum berbasis kompetensi sesuai kebutuhan industri, "
,,,,,,,,"Pengembangan sarana prasarana praktikum,"
,,,,,,,,"Penyediaan guru bidang studi produktif dan instruktur,"
,,,,,,,,"Praktek kerja industri bagi siswa SMK dan pemagangan industri bagi guru, "
,,,,,,,,Sertifikasi
2,,,SMK NURUL ISLAM LARANGAN,Kab. Brebes,21-Apr-17,21-Apr-22,Pembinaan dan pengembangan sekolah menengah kejuruan berbasis kompetensi yang Link and Match dengan industri,"Penyelarasan kurikulum berbasis kompetensi sesuai kebutuhan industri, "
,,,,,,,,"Pengembangan sarana prasarana praktikum,"
,,,,,,,,"Penyediaan guru bidang studi produktif dan instruktur,"
,,,,,,,,"Praktek kerja industri bagi siswa SMK dan pemagangan industri bagi guru, "
,,,,,,,,Sertifikasi
3,,,SMK WIWOROTOMO PURWOKERTO,Kab. Banyumas,21-Apr-17,21-Apr-22,Pembinaan dan pengembangan sekolah menengah kejuruan berbasis kompetensi yang Link and Match dengan industri,"Penyelarasan kurikulum berbasis kompetensi sesuai kebutuhan industri, "
,,,,,,,,"Pengembangan sarana prasarana praktikum,"
,,,,,,,,"Penyediaan guru bidang studi produktif dan instruktur,"
,,,,,,,,"Praktek kerja industri bagi siswa SMK dan pemagangan industri bagi guru, "
,,,,,,,,Sertifikasi
1,PT. JABAKU KARABA TECHNOLOGIES,Rekayasa Robot untuk mesin industri ( Automation ),SMK NEGERI 1 GOMBONG,Kab. Kebumen,21-Apr-17,21-Apr-22,Pembinaan dan pengembangan sekolah menengah kejuruan berbasis kompetensi yang Link and Match dengan industri,"Penyelarasan kurikulum berbasis kompetensi sesuai kebutuhan industri, "
,,,,,,,,"Pengembangan sarana prasarana praktikum,"
,,,,,,,,"Penyediaan guru bidang studi produktif dan instruktur,"
,,,,,,,,"Praktek kerja industri bagi siswa SMK dan pemagangan industri bagi guru, "
,,,,,,,,Sertifikasi
2,,,SMK NEGERI 1 ADIWERNA,Kab. Tegal,21-Apr-17,21-Apr-22,Pembinaan dan pengembangan sekolah menengah kejuruan berbasis kompetensi yang Link and Match dengan industri,"Penyelarasan kurikulum berbasis kompetensi sesuai kebutuhan industri, "
,,,,,,,,"Pengembangan sarana prasarana praktikum,"
,,,,,,,,"Penyediaan guru bidang studi produktif dan instruktur,"
,,,,,,,,"Praktek kerja industri bagi siswa SMK dan pemagangan industri bagi guru, "
,,,,,,,,Sertifikasi
1,"PT. HOLCIM INDONESIA, TBK",Produksi dan Distribusi Semen,SMK NEGERI 1 CILACAP,Kab. Cilacap ,21-Apr-17,21-Apr-22,Pembinaan dan pengembangan sekolah menengah kejuruan berbasis kompetensi yang Link and Match dengan industri,"Penyelarasan kurikulum berbasis kompetensi sesuai kebutuhan industri, "
,,,,,,,,"Pengembangan sarana prasarana praktikum,"
,,,,,,,,"Penyediaan guru bidang studi produktif dan instruktur,"
,,,,,,,,"Praktek kerja industri bagi siswa SMK dan pemagangan industri bagi guru, "
,,,,,,,,Sertifikasi
2,,,SMK NEGERI 2 CILACAP,Kab. Cilacap ,21-Apr-17,21-Apr-22,Pembinaan dan pengembangan sekolah menengah kejuruan berbasis kompetensi yang Link and Match dengan industri,"Penyelarasan kurikulum berbasis kompetensi sesuai kebutuhan industri, "
,,,,,,,,"Pengembangan sarana prasarana praktikum,"
,,,,,,,,"Penyediaan guru bidang studi produktif dan instruktur,"
,,,,,,,,"Praktek kerja industri bagi siswa SMK dan pemagangan industri bagi guru, "
,,,,,,,,Sertifikasi
3,,,SMK DR. SOETOMO CILACAP,Kab. Cilacap ,21-Apr-17,21-Apr-22,Pembinaan dan pengembangan sekolah menengah kejuruan berbasis kompetensi yang Link and Match dengan industri,"Penyelarasan kurikulum berbasis kompetensi sesuai kebutuhan industri, "
,,,,,,,,"Penyediaan guru bidang studi produktif dan instruktur,"
,,,,,,,,"Praktek kerja industri bagi siswa SMK dan pemagangan industri bagi guru, "
,,,,,,,,Sertifikasi
4,,,SMK BUDI OETOMO 3 MAOS,Kab. Cilacap ,21-Apr-17,21-Apr-22,Pembinaan dan pengembangan sekolah menengah kejuruan berbasis kompetensi yang Link and Match dengan industri,"Penyelarasan kurikulum berbasis kompetensi sesuai kebutuhan industri, "
,,,,,,,,"Penyediaan guru bidang studi produktif dan instruktur,"
,,,,,,,,"Praktek kerja industri bagi siswa SMK dan pemagangan industri bagi guru, "
,,,,,,,,Sertifikasi
1,PT. LEO AGUNG RAYA,Minuman Jamu ,SMK FARMASI MAJENANG,Kab. Cilacap ,21-Apr-17,21-Apr-22,Pembinaan dan pengembangan sekolah menengah kejuruan berbasis kompetensi yang Link and Match dengan industri,"Penyelarasan kurikulum berbasis kompetensi sesuai kebutuhan industri, "
,,,,,,,,"Pengembangan sarana prasarana praktikum,"
,,,,,,,,"Penyediaan guru bidang studi produktif dan instruktur,"
,,,,,,,,"Praktek kerja industri bagi siswa SMK dan pemagangan industri bagi guru, "
,,,,,,,,Sertifikasi
1,PT. SINAR TAMBANG ARTHALESTARI ,Industri Semen,SMK NEGERI 2 PURWOKERTO,Kab. Cilacap ,21-Apr-17,21-Apr-22,Pembinaan dan pengembangan sekolah menengah kejuruan berbasis kompetensi yang Link and Match dengan industri,"Penyelarasan kurikulum berbasis kompetensi sesuai kebutuhan industri, "
,,,,,,,,"Pengembangan sarana prasarana praktikum,"
,,,,,,,,"Penyediaan guru bidang studi produktif dan instruktur,"
,,,,,,,,"Praktek kerja industri bagi siswa SMK dan pemagangan industri bagi guru, "
,,,,,,,,Sertifikasi
2,,,SMK MUHAMMADIYAH 2 AJIBARANG,Kab. Banyumas,21-Apr-17,21-Apr-22,Pembinaan dan pengembangan sekolah menengah kejuruan berbasis kompetensi yang Link and Match dengan industri,"Penyelarasan kurikulum berbasis kompetensi sesuai kebutuhan industri, "
,,,,,,,,"Pengembangan sarana prasarana praktikum,"
,,,,,,,,"Penyediaan guru bidang studi produktif dan instruktur,"
,,,,,,,,"Praktek kerja industri bagi siswa SMK dan pemagangan industri bagi guru, "
,,,,,,,,Sertifikasi
3,,,SMK WIWOROTOMO PURWOKERTO,Kab. Banyumas,21-Apr-17,21-Apr-22,Pembinaan dan pengembangan sekolah menengah kejuruan berbasis kompetensi yang Link and Match dengan industri,"Penyelarasan kurikulum berbasis kompetensi sesuai kebutuhan industri, "
,,,,,,,,"Pengembangan sarana prasarana praktikum,"
,,,,,,,,"Penyediaan guru bidang studi produktif dan instruktur,"
,,,,,,,,"Praktek kerja industri bagi siswa SMK dan pemagangan industri bagi guru, "
,,,,,,,,Sertifikasi
4,,,SMK MA'ARIF 1 AJIBARANG,Kab. Banyumas,21-Apr-17,21-Apr-22,Pembinaan dan pengembangan sekolah menengah kejuruan berbasis kompetensi yang Link and Match dengan industri,"Penyelarasan kurikulum berbasis kompetensi sesuai kebutuhan industri, "
,,,,,,,,"Pengembangan sarana prasarana praktikum,"
,,,,,,,,"Penyediaan guru bidang studi produktif dan instruktur,"
,,,,,,,,"Praktek kerja industri bagi siswa SMK dan pemagangan industri bagi guru, "
,,,,,,,,Sertifikasi
1,PT. PISMATEX,Manufaktur Tekstil,SMK NEGERI 1 BAWANG,Kab. Banjarnegara,21-Apr-17,21-Apr-22,Pembinaan dan pengembangan sekolah menengah kejuruan berbasis kompetensi yang Link and Match dengan industri,"Penyelarasan kurikulum berbasis kompetensi sesuai kebutuhan industri, "
,,,,,,,,"Pengembangan sarana prasarana praktikum,"
,,,,,,,,"Penyediaan guru bidang studi produktif dan instruktur,"
,,,,,,,,"Praktek kerja industri bagi siswa SMK dan pemagangan industri bagi guru, "
,,,,,,,,Sertifikasi
2,,,SMK NEGERI 1 KEPIL,Kab. Wonosobo,21-Apr-17,21-Apr-22,Pembinaan dan pengembangan sekolah menengah kejuruan berbasis kompetensi yang Link and Match dengan industri,"Penyelarasan kurikulum berbasis kompetensi sesuai kebutuhan industri, "
,,,,,,,,"Pengembangan sarana prasarana praktikum,"
,,,,,,,,"Penyediaan guru bidang studi produktif dan instruktur,"
,,,,,,,,"Praktek kerja industri bagi siswa SMK dan pemagangan industri bagi guru, "
,,,,,,,,Sertifikasi
3,,,SMK INFORMATIKA WONOSOBO,Kab. Wonosobo,21-Apr-17,21-Apr-22,Pembinaan dan pengembangan sekolah menengah kejuruan berbasis kompetensi yang Link and Match dengan industri,"Penyelarasan kurikulum berbasis kompetensi sesuai kebutuhan industri, "
,,,,,,,,"Pengembangan sarana prasarana praktikum,"
,,,,,,,,"Penyediaan guru bidang studi produktif dan instruktur,"
,,,,,,,,"Praktek kerja industri bagi siswa SMK dan pemagangan industri bagi guru, "
,,,,,,,,Sertifikasi
1,PT. PISMA PUTRA TEXTILE,Manufaktur Tekstil,SMK NEGERI 1 PEKALONGAN,Kota Pekalongan ,21-Apr-17,21-Apr-22,Pembinaan dan pengembangan sekolah menengah kejuruan berbasis kompetensi yang Link and Match dengan industri,"Penyelarasan kurikulum berbasis kompetensi sesuai kebutuhan industri, "
,,,,,,,,"Pengembangan sarana prasarana praktikum,"
,,,,,,,,"Penyediaan guru bidang studi produktif dan instruktur,"
,,,,,,,,"Praktek kerja industri bagi siswa SMK dan pemagangan industri bagi guru, "
,,,,,,,,Sertifikasi
2,,,SMK BAITUSSALAM,Kota Pekalongan ,21-Apr-17,21-Apr-22,Pembinaan dan pengembangan sekolah menengah kejuruan berbasis kompetensi yang Link and Match dengan industri,"Penyelarasan kurikulum berbasis kompetensi sesuai kebutuhan industri, "
,,,,,,,,"Pengembangan sarana prasarana praktikum,"
,,,,,,,,"Penyediaan guru bidang studi produktif dan instruktur,"
,,,,,,,,"Praktek kerja industri bagi siswa SMK dan pemagangan industri bagi guru, "
,,,,,,,,Sertifikasi
3,,,SMK NEGERI 1 KEDUNGWUNI,Kab Pekalongan ,21-Apr-17,21-Apr-22,Pembinaan dan pengembangan sekolah menengah kejuruan berbasis kompetensi yang Link and Match dengan industri,"Penyelarasan kurikulum berbasis kompetensi sesuai kebutuhan industri, "
,,,,,,,,"Pengembangan sarana prasarana praktikum,"
,,,,,,,,"Penyediaan guru bidang studi produktif dan instruktur,"
,,,,,,,,"Praktek kerja industri bagi siswa SMK dan pemagangan industri bagi guru, "
,,,,,,,,Sertifikasi
4,,,SMK NEGERI 1 KARANGDADAP,Kab Pekalongan ,21-Apr-17,21-Apr-22,Pembinaan dan pengembangan sekolah menengah kejuruan berbasis kompetensi yang Link and Match dengan industri,"Penyelarasan kurikulum berbasis kompetensi sesuai kebutuhan industri, "
,,,,,,,,"Pengembangan sarana prasarana praktikum,"
,,,,,,,,"Penyediaan guru bidang studi produktif dan instruktur,"
,,,,,,,,"Praktek kerja industri bagi siswa SMK dan pemagangan industri bagi guru, "
,,,,,,,,Sertifikasi
5,,,SMK MA'ARIF NU TIRTO,Kab Pekalongan ,21-Apr-17,21-Apr-22,Pembinaan dan pengembangan sekolah menengah kejuruan berbasis kompetensi yang Link and Match dengan industri,"Penyelarasan kurikulum berbasis kompetensi sesuai kebutuhan industri, "
,,,,,,,,"Pengembangan sarana prasarana praktikum,"
,,,,,,,,"Penyediaan guru bidang studi produktif dan instruktur,"
,,,,,,,,"Praktek kerja industri bagi siswa SMK dan pemagangan industri bagi guru, "
,,,,,,,,Sertifikasi
1,PT. PRIMATEXCO INDONESIA,Manufaktur Tekstil,SMK NEGERI 3 PEKALONGAN,Kota Pekalongan ,21-Apr-17,21-Apr-22,Pembinaan dan pengembangan sekolah menengah kejuruan berbasis kompetensi yang Link and Match dengan industri,"Penyelarasan kurikulum berbasis kompetensi sesuai kebutuhan industri, "
,,,,,,,,"Pengembangan sarana prasarana praktikum,"
,,,,,,,,"Penyediaan guru bidang studi produktif dan instruktur,"
,,,,,,,,"Praktek kerja industri bagi siswa SMK dan pemagangan industri bagi guru, "
,,,,,,,,Sertifikasi
2,,,SMK NEGERI 1 KEDUNGWUNI,Kab Pekalongan ,21-Apr-17,21-Apr-22,Pembinaan dan pengembangan sekolah menengah kejuruan berbasis kompetensi yang Link and Match dengan industri,"Penyelarasan kurikulum berbasis kompetensi sesuai kebutuhan industri, "
,,,,,,,,"Pengembangan sarana prasarana praktikum,"
,,,,,,,,"Penyediaan guru bidang studi produktif dan instruktur,"
,,,,,,,,"Praktek kerja industri bagi siswa SMK dan pemagangan industri bagi guru, "
,,,,,,,,Sertifikasi
3,,,SMK NEGERI 1 BATANG,Kab. Batang,21-Apr-17,21-Apr-22,Pembinaan dan pengembangan sekolah menengah kejuruan berbasis kompetensi yang Link and Match dengan industri,"Penyelarasan kurikulum berbasis kompetensi sesuai kebutuhan industri, "
,,,,,,,,"Pengembangan sarana prasarana praktikum,"
,,,,,,,,"Penyediaan guru bidang studi produktif dan instruktur,"
,,,,,,,,"Praktek kerja industri bagi siswa SMK dan pemagangan industri bagi guru, "
,,,,,,,,Sertifikasi
4,,,SMK NEGERI 1 BLADO,Kab. Batang,21-Apr-17,21-Apr-22,Pembinaan dan pengembangan sekolah menengah kejuruan berbasis kompetensi yang Link and Match dengan industri,"Penyelarasan kurikulum berbasis kompetensi sesuai kebutuhan industri, "
,,,,,,,,"Pengembangan sarana prasarana praktikum,"
,,,,,,,,"Penyediaan guru bidang studi produktif dan instruktur,"
,,,,,,,,"Praktek kerja industri bagi siswa SMK dan pemagangan industri bagi guru, "
,,,,,,,,Sertifikasi
5,,,SMK NEGERI 1 KANDEMAN,Kab. Batang,21-Apr-17,21-Apr-22,Pembinaan dan pengembangan sekolah menengah kejuruan berbasis kompetensi yang Link and Match dengan industri,"Penyelarasan kurikulum berbasis kompetensi sesuai kebutuhan industri, "
,,,,,,,,"Pengembangan sarana prasarana praktikum,"
,,,,,,,,"Penyediaan guru bidang studi produktif dan instruktur,"
,,,,,,,,"Praktek kerja industri bagi siswa SMK dan pemagangan industri bagi guru, "
,,,,,,,,Sertifikasi
6,,,SMK NEGERI 1 WARUNGASEM,Kab. Batang,21-Apr-17,21-Apr-22,Pembinaan dan pengembangan sekolah menengah kejuruan berbasis kompetensi yang Link and Match dengan industri,"Penyelarasan kurikulum berbasis kompetensi sesuai kebutuhan industri, "
,,,,,,,,"Pengembangan sarana prasarana praktikum,"
,,,,,,,,"Penyediaan guru bidang studi produktif dan instruktur,"
,,,,,,,,"Praktek kerja industri bagi siswa SMK dan pemagangan industri bagi guru, "
,,,,,,,,Sertifikasi
7,,,SMK BHAKTI PRAJA 2 BATANG,Kab. Batang,21-Apr-17,21-Apr-22,Pembinaan dan pengembangan sekolah menengah kejuruan berbasis kompetensi yang Link and Match dengan industri,"Penyelarasan kurikulum berbasis kompetensi sesuai kebutuhan industri, "
,,,,,,,,"Pengembangan sarana prasarana praktikum,"
,,,,,,,,"Penyediaan guru bidang studi produktif dan instruktur,"
,,,,,,,,"Praktek kerja industri bagi siswa SMK dan pemagangan industri bagi guru, "
,,,,,,,,Sertifikasi
8,,,SMK BHAKTI PRAJA BATANG,Kab. Batang,21-Apr-17,21-Apr-22,Pembinaan dan pengembangan sekolah menengah kejuruan berbasis kompetensi yang Link and Match dengan industri,"Penyelarasan kurikulum berbasis kompetensi sesuai kebutuhan industri, "
,,,,,,,,"Pengembangan sarana prasarana praktikum,"
,,,,,,,,"Penyediaan guru bidang studi produktif dan instruktur,"
,,,,,,,,"Praktek kerja industri bagi siswa SMK dan pemagangan industri bagi guru, "
,,,,,,,,Sertifikasi
9,,,SMK BARDAN WASALAMAN BATANG,Kab. Batang,21-Apr-17,21-Apr-22,Pembinaan dan pengembangan sekolah menengah kejuruan berbasis kompetensi yang Link and Match dengan industri,"Penyelarasan kurikulum berbasis kompetensi sesuai kebutuhan industri, "
,,,,,,,,"Pengembangan sarana prasarana praktikum,"
,,,,,,,,"Penyediaan guru bidang studi produktif dan instruktur,"
,,,,,,,,"Praktek kerja industri bagi siswa SMK dan pemagangan industri bagi guru, "
,,,,,,,,Sertifikasi
1,PT. EVERCROSS TECHNOLOGY INDONESIA,Distributor Smartphone,SMK YPT TEGAL,Kota Tegal,21-Apr-17,21-Apr-22,Pembinaan dan pengembangan sekolah menengah kejuruan berbasis kompetensi yang Link and Match dengan industri,"Penyelarasan kurikulum berbasis kompetensi sesuai kebutuhan industri, "
,,,,,,,,"Pengembangan sarana prasarana praktikum,"
,,,,,,,,"Penyediaan guru bidang studi produktif dan instruktur,"
,,,,,,,,"Praktek kerja industri bagi siswa SMK dan pemagangan industri bagi guru, "
,,,,,,,,Sertifikasi
1,PT. PAGILARAN,"Perkebunan, Perindustrian, Perdagangan, dan Kosultasi.",SMK NEGERI 1 BLADO,Kab. Batang,21-Apr-17,21-Apr-22,Pembinaan dan pengembangan sekolah menengah kejuruan berbasis kompetensi yang Link and Match dengan industri,"Penyelarasan kurikulum berbasis kompetensi sesuai kebutuhan industri, "
,,,,,,,,"Pengembangan sarana prasarana praktikum,"
,,,,,,,,"Penyediaan guru bidang studi produktif dan instruktur,"
,,,,,,,,"Praktek kerja industri bagi siswa SMK dan pemagangan industri bagi guru, "
,,,,,,,,Sertifikasi
2,,,SMK MA'ARIF NU NUSAHADA REBAN,Kab. Batang,21-Apr-17,21-Apr-22,Pembinaan dan pengembangan sekolah menengah kejuruan berbasis kompetensi yang Link and Match dengan industri,"Penyelarasan kurikulum berbasis kompetensi sesuai kebutuhan industri, "
,,,,,,,,"Pengembangan sarana prasarana praktikum,"
,,,,,,,,"Penyediaan guru bidang studi produktif dan instruktur,"
,,,,,,,,"Praktek kerja industri bagi siswa SMK dan pemagangan industri bagi guru, "
,,,,,,,,Sertifikasi
3,,,SMK MA'ARIF NU PENCALUNGAN,Kab. Batang,21-Apr-17,21-Apr-22,Pembinaan dan pengembangan sekolah menengah kejuruan berbasis kompetensi yang Link and Match dengan industri,"Penyelarasan kurikulum berbasis kompetensi sesuai kebutuhan industri, "
,,,,,,,,"Pengembangan sarana prasarana praktikum,"
,,,,,,,,"Penyediaan guru bidang studi produktif dan instruktur,"
,,,,,,,,"Praktek kerja industri bagi siswa SMK dan pemagangan industri bagi guru, "
,,,,,,,,Sertifikasi
1,PT. TERRYHAM PROPLAS INDONESIA,Produksi UPVC,SMK NEGERI 1 BULAKAMBA,Kab. Brebes,21-Apr-17,21-Apr-22,Pembinaan dan pengembangan sekolah menengah kejuruan berbasis kompetensi yang Link and Match dengan industri,"Penyelarasan kurikulum berbasis kompetensi sesuai kebutuhan industri, "
,,,,,,,,"Pengembangan sarana prasarana praktikum,"
,,,,,,,,"Penyediaan guru bidang studi produktif dan instruktur,"
,,,,,,,,"Praktek kerja industri bagi siswa SMK dan pemagangan industri bagi guru, "
,,,,,,,,Sertifikasi
2,,,SMK MA'ARIF NU 2 BUMIAYU,Kab. Brebes,21-Apr-17,21-Apr-22,Pembinaan dan pengembangan sekolah menengah kejuruan berbasis kompetensi yang Link and Match dengan industri,"Penyelarasan kurikulum berbasis kompetensi sesuai kebutuhan industri, "
,,,,,,,,"Pengembangan sarana prasarana praktikum,"
,,,,,,,,"Penyediaan guru bidang studi produktif dan instruktur,"
,,,,,,,,"Praktek kerja industri bagi siswa SMK dan pemagangan industri bagi guru, "
,,,,,,,,Sertifikasi
3,,,SMK NEGERI 1 KERSANA,Kab. Brebes,21-Apr-17,21-Apr-22,Pembinaan dan pengembangan sekolah menengah kejuruan berbasis kompetensi yang Link and Match dengan industri,"Penyelarasan kurikulum berbasis kompetensi sesuai kebutuhan industri, "
,,,,,,,,"Pengembangan sarana prasarana praktikum,"
,,,,,,,,"Penyediaan guru bidang studi produktif dan instruktur,"
,,,,,,,,"Praktek kerja industri bagi siswa SMK dan pemagangan industri bagi guru, "
,,,,,,,,Sertifikasi
4,,,SMK ANDALUSIA JATIBARANG,Kab. Brebes,21-Apr-17,21-Apr-22,Pembinaan dan pengembangan sekolah menengah kejuruan berbasis kompetensi yang Link and Match dengan industri,"Penyelarasan kurikulum berbasis kompetensi sesuai kebutuhan industri, "
,,,,,,,,"Pengembangan sarana prasarana praktikum,"
,,,,,,,,"Penyediaan guru bidang studi produktif dan instruktur,"
,,,,,,,,"Praktek kerja industri bagi siswa SMK dan pemagangan industri bagi guru, "
,,,,,,,,Sertifikasi
5,,,SMK NEGERI 1 TONJONG,Kab. Brebes,21-Apr-17,21-Apr-22,Pembinaan dan pengembangan sekolah menengah kejuruan berbasis kompetensi yang Link and Match dengan industri,"Penyelarasan kurikulum berbasis kompetensi sesuai kebutuhan industri, "
,,,,,,,,"Pengembangan sarana prasarana praktikum,"
,,,,,,,,"Penyediaan guru bidang studi produktif dan instruktur,"
,,,,,,,,"Praktek kerja industri bagi siswa SMK dan pemagangan industri bagi guru, "
,,,,,,,,Sertifikasi
1,PT. VICTORIA CARE INDONESIA,"Kosmetik, Toiletris dan Perawatan Kesehatan",SMK MITRA KARYA MANDIRI,Kab. Brebes,21-Apr-17,21-Apr-22,Pembinaan dan pengembangan sekolah menengah kejuruan berbasis kompetensi yang Link and Match dengan industri,"Penyelarasan kurikulum berbasis kompetensi sesuai kebutuhan industri, "
,,,,,,,,"Pengembangan sarana prasarana praktikum,"
,,,,,,,,"Penyediaan guru bidang studi produktif dan instruktur,"
,,,,,,,,"Praktek kerja industri bagi siswa SMK dan pemagangan industri bagi guru, "
,,,,,,,,Sertifikasi
2,PT. INDONESIA STEEL TUBE WORKS,Produsen Tabung Baja,SMK TEXMACO PEMALANG,Kab. Pemalang ,21-Apr-17,21-Apr-22,Pembinaan dan pengembangan sekolah menengah kejuruan berbasis kompetensi yang Link and Match dengan industri,"Penyelarasan kurikulum berbasis kompetensi sesuai kebutuhan industri, "
,,,,,,,,"Pengembangan sarana prasarana praktikum,"
,,,,,,,,"Penyediaan guru bidang studi produktif dan instruktur,"
,,,,,,,,"Praktek kerja industri bagi siswa SMK dan pemagangan industri bagi guru, "
,,,,,,,,Sertifikasi
